{
    "fonts": [
        {
            "Aachen": [
                {
                    "file": "Aachen-MediumPlain.keg", 
                    "style": "normal", 
                    "weight": "normal"
                }, 
                {
                    "file": "Aachen-BoldPlain.keg", 
                    "style": "normal", 
                    "weight": "bold"
                }
            ]
        }, 
        {
            "AllianzSans": [
                {
                    "file": "AllianzSans-Regular.keg", 
                    "style": "normal", 
                    "weight": "normal"
                }, 
                {
                    "file": "AllianzSans-Bold.keg", 
                    "style": "normal", 
                    "weight": "bold"
                }
            ]
        }, 
        {
            "Alice": [
                {
                    "file": "alice.keg", 
                    "style": "normal", 
                    "weight": "normal"
                }
            ]
        }, 
        {
            "Alegreya": [
                {
                    "file": "Alegreya-Regular.keg", 
                    "style": "normal", 
                    "weight": "normal"
                }, 
                {
                    "file": "Alegreya-Bold.keg", 
                    "style": "normal", 
                    "weight": "bold"
                }, 
                {
                    "file": "Alegreya-Italic.keg", 
                    "style": "italic", 
                    "weight": "normal"
                }, 
                {
                    "file": "Alegreya-BoldItalic.keg", 
                    "style": "italic", 
                    "weight": "bold"
                }
            ]
        }, 
        {
            "Aleo": [
                {
                    "file": "Aleo-Regular.keg", 
                    "style": "normal", 
                    "weight": "normal"
                }, 
                {
                    "file": "Aleo-Bold.keg", 
                    "style": "normal", 
                    "weight": "bold"
                }, 
                {
                    "file": "Aleo-Italic.keg", 
                    "style": "italic", 
                    "weight": "normal"
                }, 
                {
                    "file": "Aleo-BoldItalic.keg", 
                    "style": "italic", 
                    "weight": "bold"
                }
            ]
        }, 
        {
            "Amatic": [
                {
                    "file": "Amatic-Regular.keg", 
                    "style": "normal", 
                    "weight": "normal"
                }, 
                {
                    "file": "Amatic-Bold.keg", 
                    "style": "normal", 
                    "weight": "bold"
                }
            ]
        }, 
        {
            "Amiri": [
                {
                    "file": "Amiri-Regular.keg", 
                    "style": "normal", 
                    "weight": "normal"
                }, 
                {
                    "file": "Amiri-Bold.keg", 
                    "style": "normal", 
                    "weight": "bold"
                }, 
                {
                    "file": "Amiri-Italic.keg", 
                    "style": "italic", 
                    "weight": "normal"
                }, 
                {
                    "file": "Amiri-BoldItalic.keg", 
                    "style": "italic", 
                    "weight": "bold"
                }
            ]
        }, 
        {
            "Annie": [
                {
                    "file": "AnnieUseYourTelescope.keg", 
                    "style": "normal", 
                    "weight": "normal"
                }, 
                {
                    "file": "AnnieUseYourTelescope-B.keg", 
                    "style": "normal", 
                    "weight": "bold"
                }, 
                {
                    "file": "AnnieUseYourTelescope-I.keg", 
                    "style": "italic", 
                    "weight": "normal"
                }, 
                {
                    "file": "AnnieUseYourTelescope-BI.keg", 
                    "style": "italic", 
                    "weight": "bold"
                }
            ]
        }, 
        {
            "Arial": [
                {
                    "file": "arial.keg", 
                    "style": "normal", 
                    "weight": "normal"
                }, 
                {
                    "file": "arial-bold.keg", 
                    "style": "normal", 
                    "weight": "bold"
                }, 
                {
                    "file": "arial-italic.keg", 
                    "style": "italic", 
                    "weight": "normal"
                }, 
                {
                    "file": "arial-bold-italic.keg", 
                    "style": "italic", 
                    "weight": "bold"
                }
            ]
        }, 
        {
            "Arimo": [
                {
                    "file": "Arimo-Regular.keg", 
                    "style": "normal", 
                    "weight": "normal"
                }, 
                {
                    "file": "Arimo-Bold.keg", 
                    "style": "normal", 
                    "weight": "bold"
                }, 
                {
                    "file": "Arimo-Italic.keg", 
                    "style": "italic", 
                    "weight": "normal"
                }, 
                {
                    "file": "Arimo-BoldItalic.keg", 
                    "style": "italic", 
                    "weight": "bold"
                }
            ]
        }, 
        {
            "Arnhem": [
                {
                    "file": "Arnhem-Regular.keg", 
                    "style": "normal", 
                    "weight": "normal"
                }, 
                {
                    "file": "Arnhem-Bold.keg", 
                    "style": "normal", 
                    "weight": "bold"
                }
            ]
        }, 
        {
            "Arsenal": [
                {
                    "file": "Arsenal-Regular.keg", 
                    "style": "normal", 
                    "weight": "normal"
                }, 
                {
                    "file": "Arsenal-Bold.keg", 
                    "style": "normal", 
                    "weight": "bold"
                }, 
                {
                    "file": "Arsenal-Italic.keg", 
                    "style": "italic", 
                    "weight": "normal"
                }, 
                {
                    "file": "Arsenal-BoldItalic.keg", 
                    "style": "italic", 
                    "weight": "bold"
                }
            ]
        }, 
        {
            "ArnoPro": [
                {
                    "file": "ArnoPro-Regular.keg", 
                    "style": "normal", 
                    "weight": "normal"
                }, 
                {
                    "file": "ArnoPro-Italic.keg", 
                    "style": "italic", 
                    "weight": "normal"
                }, 
                {
                    "file": "ArnoPro-Bold.keg", 
                    "style": "normal", 
                    "weight": "bold"
                }, 
                {
                    "file": "ArnoPro-BoldItalic.keg", 
                    "style": "italic", 
                    "weight": "bold"
                }
            ]
        }, 
        {
            "BarmenoCFF": [
                {
                    "file": "BarmenoCFF-Regular.keg", 
                    "style": "normal", 
                    "weight": "normal"
                }, 
                {
                    "file": "BarmenoCFF-Bold.keg", 
                    "style": "normal", 
                    "weight": "bold"
                }, 
                {
                    "file": "BarmenoCFF-Italic.keg", 
                    "style": "italic", 
                    "weight": "normal"
                }, 
                {
                    "file": "BarmenoCFF-BoldItalic.keg", 
                    "style": "italic", 
                    "weight": "bold"
                }
            ]
        }, 
        {
            "BarmenoCFFMed": [
                {
                    "file": "BarmenoCFFMed-Regular.keg", 
                    "style": "normal", 
                    "weight": "normal"
                }, 
                {
                    "file": "BarmenoCFFMed-Bold.keg", 
                    "style": "normal", 
                    "weight": "bold"
                }, 
                {
                    "file": "BarmenoCFFMed-Italic.keg", 
                    "style": "italic", 
                    "weight": "normal"
                }, 
                {
                    "file": "BarmenoCFFMed-BoldItalic.keg", 
                    "style": "italic", 
                    "weight": "bold"
                }
            ]
        }, 
        {
            "BerthBodoniPro": [
                {
                    "file": "BerthBodoniPro-Light.keg", 
                    "style": "normal", 
                    "weight": "normal"
                }, 
                {
                    "file": "BerthBodoniPro-Medium.keg", 
                    "style": "normal", 
                    "weight": "bold"
                }, 
                {
                    "file": "BerthBodoniPro-Italic.keg", 
                    "style": "italic", 
                    "weight": "normal"
                }
            ]
        }, 
        {
            "Cabin": [
                {
                    "file": "Cabin-Regular.keg", 
                    "style": "normal", 
                    "weight": "normal"
                }, 
                {
                    "file": "Cabin-Bold.keg", 
                    "style": "normal", 
                    "weight": "bold"
                }, 
                {
                    "file": "Cabin-Italic.keg", 
                    "style": "italic", 
                    "weight": "normal"
                }, 
                {
                    "file": "Cabin-BoldItalic.keg", 
                    "style": "italic", 
                    "weight": "bold"
                }
            ]
        }, 
        {
            "Cambria": [
                {
                    "file": "Cambria-Regular.keg", 
                    "style": "normal", 
                    "weight": "normal"
                }, 
                {
                    "file": "Cambria-Italic.keg", 
                    "style": "italic", 
                    "weight": "normal"
                }, 
                {
                    "file": "Cambria-Bold.keg", 
                    "style": "normal", 
                    "weight": "bold"
                }, 
                {
                    "file": "Cambria-BoldItalic.keg", 
                    "style": "italic", 
                    "weight": "bold"
                }
            ]
        }, 
        {
            "Calibri": [
                {
                    "file": "calibri.keg", 
                    "style": "normal", 
                    "weight": "normal"
                }, 
                {
                    "file": "Calibri-Italic.keg", 
                    "style": "italic", 
                    "weight": "normal"
                }, 
                {
                    "file": "CALIBRIB.keg", 
                    "style": "normal", 
                    "weight": "bold"
                }, 
                {
                    "file": "Calibri-BoldItalic.keg", 
                    "style": "italic", 
                    "weight": "bold"
                }
            ]
        }, 
        {
            "CLAASHelveticaNeue": [
                {
                    "file": "CLAASHelveticaNeue-Light.keg", 
                    "style": "normal", 
                    "weight": "normal"
                }, 
                {
                    "file": "CLAASHelveticaNeue-Medium.keg", 
                    "style": "normal", 
                    "weight": "bold"
                }
            ]
        }, 
        {
            "CrialBlack": [
                {
                    "file": "Crial-Black.keg", 
                    "style": "normal", 
                    "weight": "normal"
                }, 
                {
                    "file": "Crialblack-B.keg", 
                    "style": "normal", 
                    "weight": "bold"
                }, 
                {
                    "file": "Crialblack-I.keg", 
                    "style": "italic", 
                    "weight": "normal"
                }, 
                {
                    "file": "Crialblack-BI.keg", 
                    "style": "italic", 
                    "weight": "bold"
                }
            ]
        }, 
        {
            "CrimsonText": [
                {
                    "file": "CrimsonText.keg", 
                    "style": "normal", 
                    "weight": "normal"
                }, 
                {
                    "file": "CrimsonText-B.keg", 
                    "style": "normal", 
                    "weight": "bold"
                }, 
                {
                    "file": "CrimsonText-I.keg", 
                    "style": "italic", 
                    "weight": "normal"
                }, 
                {
                    "file": "CrimsonText-BI.keg", 
                    "style": "italic", 
                    "weight": "bold"
                }
            ]
        }, 
        {
            "CenturyGothic": [
                {
                    "file": "CenturyGothic.keg", 
                    "style": "normal", 
                    "weight": "normal"
                }, 
                {
                    "file": "CenturyGothicBold.keg", 
                    "style": "normal", 
                    "weight": "bold"
                }, 
                {
                    "file": "CenturyGothicItalic.keg", 
                    "style": "italic", 
                    "weight": "normal"
                }
            ]
        }, 
        {
            "DancingScript": [
                {
                    "file": "DancingScript.keg", 
                    "style": "normal", 
                    "weight": "normal"
                }, 
                {
                    "file": "DancingScript-B.keg", 
                    "style": "normal", 
                    "weight": "bold"
                }, 
                {
                    "file": "DancingScript-I.keg", 
                    "style": "italic", 
                    "weight": "normal"
                }, 
                {
                    "file": "DancingScript-BI.keg", 
                    "style": "italic", 
                    "weight": "bold"
                }
            ]
        }, 
        {
            "Dosis": [
                {
                    "file": "Dosis.keg", 
                    "style": "normal", 
                    "weight": "normal"
                }, 
                {
                    "file": "Dosis-Bold.keg", 
                    "style": "normal", 
                    "weight": "bold"
                }
            ]
        }, 
        {
            "ExpertSansLight": [
                {
                    "file": "ExpertSansLight-Regular.keg", 
                    "style": "normal", 
                    "weight": "normal"
                }, 
                {
                    "file": "ExpertSansLight-Italic.keg", 
                    "style": "italic", 
                    "weight": "normal"
                }
            ]
        }, 
        {
            "ExpertSans": [
                {
                    "file": "ExpertSans-Regular.keg", 
                    "style": "normal", 
                    "weight": "normal"
                }, 
                {
                    "file": "ExpertSans-Italic.keg", 
                    "style": "italic", 
                    "weight": "normal"
                }, 
                {
                    "file": "ExpertSans-Bold.keg", 
                    "style": "normal", 
                    "weight": "bold"
                }, 
                {
                    "file": "ExpertSans-BoldItalic.keg", 
                    "style": "italic", 
                    "weight": "bold"
                }
            ]
        }, 
        {
            "Flama": [
                {
                    "file": "Flama-Regular.keg", 
                    "style": "normal", 
                    "weight": "normal"
                }, 
                {
                    "file": "Flama-Italic.keg", 
                    "style": "italic", 
                    "weight": "normal"
                }, 
                {
                    "file": "Flama-Bold.keg", 
                    "style": "normal", 
                    "weight": "bold"
                }, 
                {
                    "file": "Flama-BoldItalic.keg", 
                    "style": "italic", 
                    "weight": "bold"
                }
            ]
        }, 
        {
            "Fontin": [
                {
                    "file": "Fontin.keg", 
                    "style": "normal", 
                    "weight": "normal"
                }, 
                {
                    "file": "Fontin-I.keg", 
                    "style": "italic", 
                    "weight": "normal"
                }, 
                {
                    "file": "Fontin-B.keg", 
                    "style": "normal", 
                    "weight": "bold"
                }, 
                {
                    "file": "Fontin-BI.keg", 
                    "style": "italic", 
                    "weight": "bold"
                }
            ]
        }, 
        {
            "Futura-itao": [
                {
                    "file": "futura-itao.keg", 
                    "style": "normal", 
                    "weight": "normal"
                }, 
                {
                    "file": "futura-itao_bold.keg", 
                    "style": "normal", 
                    "weight": "bold"
                }, 
                {
                    "file": "futura-itao_italic.keg", 
                    "style": "italic", 
                    "weight": "normal"
                }
            ]
        }, 
        {
            "Garamond": [
                {
                    "file": "Garamond-Regular.keg", 
                    "style": "normal", 
                    "weight": "normal"
                }, 
                {
                    "file": "Garamond-Bold.keg", 
                    "style": "normal", 
                    "weight": "bold"
                }, 
                {
                    "file": "Garamond-Italic.keg", 
                    "style": "italic", 
                    "weight": "normal"
                }
            ]
        }, 
        {
            "GEInspira": [
                {
                    "file": "GEInspira-Regular.keg", 
                    "style": "normal", 
                    "weight": "normal"
                }, 
                {
                    "file": "GEInspira-Bold.keg", 
                    "style": "normal", 
                    "weight": "bold"
                }, 
                {
                    "file": "GEInspira-Italic.keg", 
                    "style": "italic", 
                    "weight": "normal"
                }, 
                {
                    "file": "GEInspira-BoldItalic.keg", 
                    "style": "italic", 
                    "weight": "bold"
                }
            ]
        }, 
        {
            "GEInspiraG": [
                {
                    "file": "GE_InspiraG_Regular.keg", 
                    "style": "normal", 
                    "weight": "normal"
                }, 
                {
                    "file": "GE_InspiraG-Bold.keg", 
                    "style": "normal", 
                    "weight": "bold"
                }, 
                {
                    "file": "GE_InspiraG-Italic.keg", 
                    "style": "italic", 
                    "weight": "normal"
                }, 
                {
                    "file": "GE_InspiraG-BoldItalic.keg", 
                    "style": "italic", 
                    "weight": "bold"
                }
            ]
        }, 
        {
            "GentiumBasic": [
                {
                    "file": "GentiumBasic.keg", 
                    "style": "normal", 
                    "weight": "normal"
                }, 
                {
                    "file": "GentiumBasic-B.keg", 
                    "style": "normal", 
                    "weight": "bold"
                }, 
                {
                    "file": "GentiumBasic-I.keg", 
                    "style": "italic", 
                    "weight": "normal"
                }, 
                {
                    "file": "GentiumBasic-BI.keg", 
                    "style": "italic", 
                    "weight": "bold"
                }
            ]
        }, 
        {
            "GentonaBook": [
                {
                    "file": "GentonaBook-Regular.keg", 
                    "style": "normal", 
                    "weight": "normal"
                }, 
                {
                    "file": "GentonaBook-Bold.keg", 
                    "style": "normal", 
                    "weight": "bold"
                }, 
                {
                    "file": "GentonaBook-Italic.keg", 
                    "style": "italic", 
                    "weight": "normal"
                }, 
                {
                    "file": "GentonaBook-BoldItalic.keg", 
                    "style": "italic", 
                    "weight": "bold"
                }
            ]
        }, 
        {
            "Georgia": [
                {
                    "file": "Georgia.keg", 
                    "style": "normal", 
                    "weight": "normal"
                }, 
                {
                    "file": "GeorgiaBold.keg", 
                    "style": "normal", 
                    "weight": "bold"
                }, 
                {
                    "file": "GeorgiaItalic.keg", 
                    "style": "italic", 
                    "weight": "normal"
                }, 
                {
                    "file": "GeorgiaBoldItalic.keg", 
                    "style": "italic", 
                    "weight": "bold"
                }
            ]
        }, 
        {
            "GillSansMT": [
                {
                    "file": "GillSansMT-Regular.keg", 
                    "style": "normal", 
                    "weight": "normal"
                }, 
                {
                    "file": "GillSansMT-Bold.keg", 
                    "style": "normal", 
                    "weight": "bold"
                }, 
                {
                    "file": "GillSansMT-Italic.keg", 
                    "style": "italic", 
                    "weight": "normal"
                }, 
                {
                    "file": "GillSansMT-BoldItalic.keg", 
                    "style": "italic", 
                    "weight": "bold"
                }
            ]
        }, 
        {
            "Glasgow": [
                {
                    "file": "GlasgowRR-Light.keg", 
                    "style": "normal", 
                    "weight": "normal"
                }, 
                {
                    "file": "GlasgowRR-Medium.keg", 
                    "style": "normal", 
                    "weight": "bold"
                }
            ]
        }, 
        {
            "Gotham": [
                {
                    "file": "Gotham-Medium.keg", 
                    "style": "normal", 
                    "weight": "normal"
                }, 
                {
                    "file": "Gotham-Bold.keg", 
                    "style": "normal", 
                    "weight": "bold"
                }
            ]
        }, 
        {
            "HelveticaNeueLTStd": [
                {
                    "file": "HelveticaNeueLTStd-MdCn.keg", 
                    "style": "normal", 
                    "weight": "normal"
                }, 
                {
                    "file": "HelveticaNeueLTStd-BdCnO.keg", 
                    "style": "normal", 
                    "weight": "bold"
                }
            ]
        }, 
        {
            "HelvNeueforIBM": [
                {
                    "file": "HelvNeueforIBM-Light.keg", 
                    "style": "normal", 
                    "weight": "normal"
                }, 
                {
                    "file": "HelvNeueforIBM-Bold.keg", 
                    "style": "normal", 
                    "weight": "bold"
                }, 
                {
                    "file": "HelvNeueforIBM-LightItalic.keg", 
                    "style": "italic", 
                    "weight": "normal"
                }, 
                {
                    "file": "HelvNeueforIBM-BoldItalic.keg", 
                    "style": "italic", 
                    "weight": "bold"
                }
            ]
        }, 
        {
            "HelveticaNeueLTStdRoman": [
                {
                    "file": "HelveticaNeueLTStdRoman.keg", 
                    "style": "normal", 
                    "weight": "normal"
                }, 
                {
                    "file": "HelveticaNeueLTStdBd.keg", 
                    "style": "normal", 
                    "weight": "bold"
                }, 
                {
                    "file": "HelveticaNeueLTStdIt.keg", 
                    "style": "italic", 
                    "weight": "normal"
                }, 
                {
                    "file": "HelveticaNeueLTStd-BoldItalic.keg", 
                    "style": "italic", 
                    "weight": "bold"
                }
            ]
        }, 
        {
            "Heuristica": [
                {
                    "file": "Heuristica-Regular.keg", 
                    "style": "normal", 
                    "weight": "normal"
                }, 
                {
                    "file": "Heuristica-Bold.keg", 
                    "style": "normal", 
                    "weight": "bold"
                }, 
                {
                    "file": "Heuristica-Italic.keg", 
                    "style": "italic", 
                    "weight": "normal"
                }, 
                {
                    "file": "Heuristica-BoldItalic.keg", 
                    "style": "italic", 
                    "weight": "bold"
                }
            ]
        }, 
        {
            "Interstate": [
                {
                    "file": "Interstate-Regular.keg", 
                    "style": "normal", 
                    "weight": "normal"
                }, 
                {
                    "file": "Interstate-Bold.keg", 
                    "style": "normal", 
                    "weight": "bold"
                }
            ]
        }, 
        {
            "InterstateCondensed": [
                {
                    "file": "InterstateCondensed-Regular.keg", 
                    "style": "normal", 
                    "weight": "normal"
                }, 
                {
                    "file": "InterstateCondensed-Bold.keg", 
                    "style": "normal", 
                    "weight": "bold"
                }
            ]
        }, 
        {
            "IstokWeb": [
                {
                    "file": "IstokWeb-Regular.keg", 
                    "style": "normal", 
                    "weight": "normal"
                }, 
                {
                    "file": "IstokWeb-Bold.keg", 
                    "style": "normal", 
                    "weight": "bold"
                }, 
                {
                    "file": "IstokWeb-Italic.keg", 
                    "style": "italic", 
                    "weight": "normal"
                }
            ]
        }, 
        {
            "JosefinSlab": [
                {
                    "file": "JosefinSlab.keg", 
                    "style": "normal", 
                    "weight": "normal"
                }, 
                {
                    "file": "JosefinSlab-B.keg", 
                    "style": "normal", 
                    "weight": "bold"
                }, 
                {
                    "file": "JosefinSlab-I.keg", 
                    "style": "italic", 
                    "weight": "normal"
                }, 
                {
                    "file": "JosefinSlab-BI.keg", 
                    "style": "italic", 
                    "weight": "bold"
                }
            ]
        }, 
        {
            "Klavika": [
                {
                    "file": "KlavikaLight.keg", 
                    "style": "normal", 
                    "weight": "normal"
                }, 
                {
                    "file": "KlavikaMedium.keg", 
                    "style": "normal", 
                    "weight": "bold"
                }, 
                {
                    "file": "KlavikaItalic.keg", 
                    "style": "normal", 
                    "weight": "italic"
                }
            ]
        }, 
        {
            "Letter": [
                {
                    "file": "Letter-Regular.keg", 
                    "style": "normal", 
                    "weight": "normal"
                }, 
                {
                    "file": "Letter-Bold.keg", 
                    "style": "normal", 
                    "weight": "bold"
                }
            ]
        }, 
        {
            "LeagueGothic": [
                {
                    "file": "LeagueGothic-Regular.keg", 
                    "style": "normal", 
                    "weight": "normal"
                }, 
                {
                    "file": "LeagueGothic-Italic.keg", 
                    "style": "italic", 
                    "weight": "normal"
                }
            ]
        }, 
        {
            "LeagueGothic-Condensed": [
                {
                    "file": "LeagueGothic-CondensedRegular.keg", 
                    "style": "normal", 
                    "weight": "normal"
                }, 
                {
                    "file": "LeagueGothic-CondensedItalic.keg", 
                    "style": "italic", 
                    "weight": "normal"
                }
            ]
        }, 
        {
            "LiberationMonoPR": [
                {
                    "file": "LiberationMonoPR-Regular.keg", 
                    "style": "normal", 
                    "weight": "normal"
                }, 
                {
                    "file": "LiberationMonoPR-Bold.keg", 
                    "style": "normal", 
                    "weight": "bold"
                }, 
                {
                    "file": "LiberationMonoPR-Italic.keg", 
                    "style": "italic", 
                    "weight": "normal"
                }, 
                {
                    "file": "LiberationMonoPR-BoldItalic.keg", 
                    "style": "italic", 
                    "weight": "bold"
                }
            ]
        }, 
        {
            "LobsterTwo": [
                {
                    "file": "LobsterTwo.keg", 
                    "style": "normal", 
                    "weight": "normal"
                }, 
                {
                    "file": "LobsterTwo-B.keg", 
                    "style": "normal", 
                    "weight": "bold"
                }, 
                {
                    "file": "LobsterTwo-I.keg", 
                    "style": "italic", 
                    "weight": "normal"
                }, 
                {
                    "file": "LobsterTwo-BI.keg", 
                    "style": "italic", 
                    "weight": "bold"
                }
            ]
        }, 
        {
            "LoveYaLikeASister": [
                {
                    "file": "LoveYaLikeASister.keg", 
                    "style": "normal", 
                    "weight": "normal"
                }, 
                {
                    "file": "LoveYaLikeASister-B.keg", 
                    "style": "normal", 
                    "weight": "bold"
                }, 
                {
                    "file": "LoveYaLikeASister-I.keg", 
                    "style": "italic", 
                    "weight": "normal"
                }, 
                {
                    "file": "LoveYaLikeASister-BI.keg", 
                    "style": "italic", 
                    "weight": "bold"
                }
            ]
        }, 
        {
            "LubalinforIBM": [
                {
                    "file": "LubalinforIBM-Book.keg", 
                    "style": "normal", 
                    "weight": "normal"
                }, 
                {
                    "file": "LubalinforIBM-Demi.keg", 
                    "style": "normal", 
                    "weight": "bold"
                }
            ]
        }, 
        {
            "MetricWeb": [
                {
                    "file": "MetricWeb-Light.keg", 
                    "style": "normal", 
                    "weight": "normal"
                }, 
                {
                    "file": "MetricWeb-Regular.keg", 
                    "style": "normal", 
                    "weight": "bold"
                }
            ]
        }, 
        {
            "MinionPro": [
                {
                    "file": "MinionPro-Regular.keg", 
                    "style": "normal", 
                    "weight": "normal"
                }, 
                {
                    "file": "MinionPro-Bold.keg", 
                    "style": "normal", 
                    "weight": "bold"
                }, 
                {
                    "file": "MinionPro-Italic.keg", 
                    "style": "italic", 
                    "weight": "normal"
                }, 
                {
                    "file": "MinionPro-BoldItalic.keg", 
                    "style": "italic", 
                    "weight": "bold"
                }
            ]
        }, 
        {
            "MoseoSans500": [
                {
                    "file": "MoseoSans500-Regular.keg", 
                    "style": "normal", 
                    "weight": "normal"
                }, 
                {
                    "file": "MoseoSans500-Bold.keg", 
                    "style": "normal", 
                    "weight": "bold"
                }, 
                {
                    "file": "MoseoSans500-Italic.keg", 
                    "style": "italic", 
                    "weight": "normal"
                }, 
                {
                    "file": "AMoseoSans500-BoldItalic.keg", 
                    "style": "italic", 
                    "weight": "bold"
                }
            ]
        }, 
        {
            "MoseoSans300": [
                {
                    "file": "MoseoSans300-Regular.keg", 
                    "style": "normal", 
                    "weight": "normal"
                }, 
                {
                    "file": "MoseoSans300-Bold.keg", 
                    "style": "normal", 
                    "weight": "bold"
                }, 
                {
                    "file": "MoseoSans300-Italic.keg", 
                    "style": "italic", 
                    "weight": "normal"
                }, 
                {
                    "file": "AMoseoSans300-BoldItalic.keg", 
                    "style": "italic", 
                    "weight": "bold"
                }
            ]
        }, 
        {
            "MoseoSans100": [
                {
                    "file": "MoseoSans100-Regular.keg", 
                    "style": "normal", 
                    "weight": "normal"
                }, 
                {
                    "file": "MoseoSans100-Italic.keg", 
                    "style": "italic", 
                    "weight": "normal"
                }
            ]
        }, 
        {
            "MrsEavesOT": [
                {
                    "file": "MrsEavesOT-Regular.keg", 
                    "style": "normal", 
                    "weight": "normal"
                }, 
                {
                    "file": "MrsEavesOT-Bold.keg", 
                    "style": "normal", 
                    "weight": "bold"
                }, 
                {
                    "file": "MrsEavesOT-Italic.keg", 
                    "style": "italic", 
                    "weight": "normal"
                }
            ]
        }, 
        {
            "MtelText": [
                {
                    "file": "MtelText-Regular.keg", 
                    "style": "normal", 
                    "weight": "normal"
                }, 
                {
                    "file": "MtelText-Bold.keg", 
                    "style": "normal", 
                    "weight": "bold"
                }
            ]
        }, 
        {
            "MyriadProCond": [
                {
                    "file": "MyriadProCond-Regular.keg", 
                    "style": "normal", 
                    "weight": "normal"
                }, 
                {
                    "file": "MyriadProCond-Italic.keg", 
                    "style": "italic", 
                    "weight": "normal"
                }, 
                {
                    "file": "MyriadProCond-Bold.keg", 
                    "style": "normal", 
                    "weight": "bold"
                }, 
                {
                    "file": "MyriadProCond-BoldItalic.keg", 
                    "style": "italic", 
                    "weight": "bold"
                }
            ]
        }, 
        {
            "MyriadProRegular": [
                {
                    "file": "MyriadProRegular.keg", 
                    "style": "normal", 
                    "weight": "normal"
                }, 
                {
                    "file": "MyriadProItalic.keg", 
                    "style": "italic", 
                    "weight": "normal"
                }, 
                {
                    "file": "MyriadProBold.keg", 
                    "style": "normal", 
                    "weight": "bold"
                }, 
                {
                    "file": "MyriadProBoldItalic.keg", 
                    "style": "italic", 
                    "weight": "bold"
                }
            ]
        }, 
        {
            "MyriadProSemi": [
                {
                    "file": "MyriadProSemibold.keg", 
                    "style": "normal", 
                    "weight": "normal"
                }, 
                {
                    "file": "MyriadProSemiboldIt.keg", 
                    "style": "italic", 
                    "weight": "normal"
                }
            ]
        }, 
        {
            "NewsGothicStd": [
                {
                    "file": "NewsGothicStd-Regular.keg", 
                    "style": "normal", 
                    "weight": "normal"
                }, 
                {
                    "file": "NewsGothicStd-Bold.keg", 
                    "style": "normal", 
                    "weight": "bold"
                }, 
                {
                    "file": "NewsGothicStd-Italic.keg", 
                    "style": "italic", 
                    "weight": "normal"
                }, 
                {
                    "file": "NewsGothicStd-BoldItalic.keg", 
                    "style": "italic", 
                    "weight": "bold"
                }
            ]
        }, 
        {
            "Nobile": [
                {
                    "file": "Nobile-Regular.keg", 
                    "style": "normal", 
                    "weight": "normal"
                }, 
                {
                    "file": "Nobile-Bold.keg", 
                    "style": "normal", 
                    "weight": "bold"
                }, 
                {
                    "file": "Nobile-Italic.keg", 
                    "style": "italic", 
                    "weight": "normal"
                }, 
                {
                    "file": "Nobile-BoldItalic.keg", 
                    "style": "italic", 
                    "weight": "bold"
                }
            ]
        }, 
        {
            "NotoSans": [
                {
                    "file": "NotoSans-Regular.keg", 
                    "style": "normal", 
                    "weight": "normal"
                }, 
                {
                    "file": "NotoSans-Bold.keg", 
                    "style": "normal", 
                    "weight": "bold"
                }, 
                {
                    "file": "NotoSans-Italic.keg", 
                    "style": "italic", 
                    "weight": "normal"
                }, 
                {
                    "file": "NotoSans-BoldItalic.keg", 
                    "style": "italic", 
                    "weight": "bold"
                }
            ]
        }, 
        {
            "NotoSerif": [
                {
                    "file": "NotoSerif-Regular.keg", 
                    "style": "normal", 
                    "weight": "normal"
                }, 
                {
                    "file": "NotoSerif-Bold.keg", 
                    "style": "normal", 
                    "weight": "bold"
                }, 
                {
                    "file": "NotoSerif-Italic.keg", 
                    "style": "italic", 
                    "weight": "normal"
                }, 
                {
                    "file": "NotoSerif-BoldItalic.keg", 
                    "style": "italic", 
                    "weight": "bold"
                }
            ]
        }, 
        {
            "Nunito": [
                {
                    "file": "Nunito-Regular.keg", 
                    "style": "normal", 
                    "weight": "normal"
                }, 
                {
                    "file": "Nunito-B.keg", 
                    "style": "normal", 
                    "weight": "bold"
                }, 
                {
                    "file": "Nunito-I.keg", 
                    "style": "italic", 
                    "weight": "normal"
                }, 
                {
                    "file": "Nunito-BI.keg", 
                    "style": "italic", 
                    "weight": "bold"
                }
            ]
        }, 
        {
            "OpenSans": [
                {
                    "file": "OpenSans.keg", 
                    "style": "normal", 
                    "weight": "normal"
                }, 
                {
                    "file": "OpenSans-B.keg", 
                    "style": "normal", 
                    "weight": "bold"
                }, 
                {
                    "file": "OpenSans-I.keg", 
                    "style": "italic", 
                    "weight": "normal"
                }, 
                {
                    "file": "OpenSans-BI.keg", 
                    "style": "italic", 
                    "weight": "bold"
                }
            ]
        }, 
        {
            "OfficinaSans": [
                {
                    "file": "OfficinaSans-Book.keg", 
                    "style": "normal", 
                    "weight": "normal"
                }, 
                {
                    "file": "OfficinaSans-Bold.keg", 
                    "style": "normal", 
                    "weight": "bold"
                }, 
                {
                    "file": "OfficinaSans-BookItalic.keg", 
                    "style": "italic", 
                    "weight": "normal"
                }, 
                {
                    "file": "OfficinaSans-BoldItalic.keg", 
                    "style": "italic", 
                    "weight": "bold"
                }
            ]
        }, 
        {
            "OfficinaSerifStd": [
                {
                    "file": "OfficinaSerifStdBook.keg", 
                    "style": "normal", 
                    "weight": "normal"
                }, 
                {
                    "file": "OfficinaSerifStdBold.keg", 
                    "style": "normal", 
                    "weight": "bold"
                }, 
                {
                    "file": "OfficinaSerifStdBookItalic.keg", 
                    "style": "italic", 
                    "weight": "normal"
                }, 
                {
                    "file": "OfficinaSerifStd-BoldItalic.keg", 
                    "style": "italic", 
                    "weight": "bold"
                }
            ]
        }, 
        {
            "OpenSans2": [
                {
                    "file": "OpenSans-Regular.keg", 
                    "style": "normal", 
                    "weight": "normal"
                }, 
                {
                    "file": "OpenSans-Bold.keg", 
                    "style": "normal", 
                    "weight": "bold"
                }, 
                {
                    "file": "OpenSans-Italic.keg", 
                    "style": "italic", 
                    "weight": "normal"
                }, 
                {
                    "file": "OpenSans-BoldItalic.keg", 
                    "style": "italic", 
                    "weight": "bold"
                }
            ]
        }, 
        {
            "OpenSansB": [
                {
                    "file": "OpenSans-SB.keg", 
                    "style": "normal", 
                    "weight": "normal"
                }, 
                {
                    "file": "OpenSans-XB.keg", 
                    "style": "normal", 
                    "weight": "bold"
                }, 
                {
                    "file": "OpenSans-SBI.keg", 
                    "style": "italic", 
                    "weight": "normal"
                }, 
                {
                    "file": "OpenSans-XBI.keg", 
                    "style": "italic", 
                    "weight": "bold"
                }
            ]
        }, 
        {
            "OpenSansLight": [
                {
                    "file": "OpenSans-Light.keg", 
                    "style": "normal", 
                    "weight": "normal"
                }, 
                {
                    "file": "OpenSans-Bold.keg", 
                    "style": "normal", 
                    "weight": "bold"
                }, 
                {
                    "file": "OpenSans-LightItalic.keg", 
                    "style": "italic", 
                    "weight": "normal"
                }, 
                {
                    "file": "OpenSans-BoldItalic.keg", 
                    "style": "italic", 
                    "weight": "bold"
                }
            ]
        }, 
        {
            "OptimaHU": [
                {
                    "file": "OptimaHU-Regular.keg", 
                    "style": "normal", 
                    "weight": "normal"
                }, 
                {
                    "file": "OptimaHU-Bold.keg", 
                    "style": "normal", 
                    "weight": "bold"
                }, 
                {
                    "file": "OptimaHU-BoldItalic.keg", 
                    "style": "italic", 
                    "weight": "bold"
                }
            ]
        }, 
        {
            "PlayfairDisplay": [
                {
                    "file": "PlayfairDisplay-Regular.keg", 
                    "style": "normal", 
                    "weight": "normal"
                }, 
                {
                    "file": "PlayfairDisplay-Bold.keg", 
                    "style": "normal", 
                    "weight": "bold"
                }, 
                {
                    "file": "PlayfairDisplay-Italic.keg", 
                    "style": "italic", 
                    "weight": "normal"
                }, 
                {
                    "file": "PlayfairDisplay-BoldItalic.keg", 
                    "style": "italic", 
                    "weight": "bold"
                }
            ]
        }, 
        {
            "PTSans": [
                {
                    "file": "PTSans.keg", 
                    "style": "normal", 
                    "weight": "normal"
                }, 
                {
                    "file": "PTSans-B.keg", 
                    "style": "normal", 
                    "weight": "bold"
                }, 
                {
                    "file": "PTSans-I.keg", 
                    "style": "italic", 
                    "weight": "normal"
                }, 
                {
                    "file": "PTSans-BI.keg", 
                    "style": "italic", 
                    "weight": "bold"
                }
            ]
        }, 
        {
            "Quadon": [
                {
                    "file": "Quadon-Regular.keg", 
                    "style": "normal", 
                    "weight": "normal"
                }, 
                {
                    "file": "Quadon-Bold.keg", 
                    "style": "normal", 
                    "weight": "bold"
                }, 
                {
                    "file": "Quadon-Italic.keg", 
                    "style": "italic", 
                    "weight": "normal"
                }, 
                {
                    "file": "Quadon-BoldItalic.keg", 
                    "style": "italic", 
                    "weight": "bold"
                }
            ]
        }, 
        {
            "Quicksand": [
                {
                    "file": "Quicksand-Regular.keg", 
                    "style": "normal", 
                    "weight": "normal"
                }, 
                {
                    "file": "Quicksand-Bold.keg", 
                    "style": "normal", 
                    "weight": "bold"
                }, 
                {
                    "file": "Quicksand-Italic.keg", 
                    "style": "italic", 
                    "weight": "normal"
                }, 
                {
                    "file": "Quicksand-BoldItalic.keg", 
                    "style": "italic", 
                    "weight": "bold"
                }
            ]
        }, 
        {
            "Raleway": [
                {
                    "file": "Raleway-Thin.keg", 
                    "style": "normal", 
                    "weight": "normal"
                }, 
                {
                    "file": "Raleway-B.keg", 
                    "style": "normal", 
                    "weight": "bold"
                }, 
                {
                    "file": "Raleway-I.keg", 
                    "style": "italic", 
                    "weight": "normal"
                }, 
                {
                    "file": "Raleway-BI.keg", 
                    "style": "italic", 
                    "weight": "bold"
                }
            ]
        }, 
        {
            "RalewayO": [
                {
                    "file": "Raleway-Regular.keg", 
                    "style": "normal", 
                    "weight": "normal"
                }, 
                {
                    "file": "Raleway-Bold.keg", 
                    "style": "normal", 
                    "weight": "bold"
                }
            ]
        }, 
        {
            "RotisSansSerifPro": [
                {
                    "file": "RotisSansSerifPro-Regular.keg", 
                    "style": "normal", 
                    "weight": "normal"
                }, 
                {
                    "file": "RotisSansSerifPro-Bold.keg", 
                    "style": "normal", 
                    "weight": "bold"
                }, 
                {
                    "file": "RotisSansSerifPro-Italic.keg", 
                    "style": "italic", 
                    "weight": "normal"
                }
            ]
        }, 
        {
            "SangSangTitle": [
                {
                    "file": "SangSangTitleOTFM-P.keg", 
                    "style": "normal", 
                    "weight": "normal"
                }, 
                {
                    "file": "SangSangTitleOTFB-P.keg", 
                    "style": "normal", 
                    "weight": "bold"
                }
            ]
        }, 
        {
            "SansaPro": [
                {
                    "file": "SansaPro-Regular.keg", 
                    "style": "normal", 
                    "weight": "normal"
                }, 
                {
                    "file": "SansaPro-Bold.keg", 
                    "style": "normal", 
                    "weight": "bold"
                }
            ]
        }, 
        {
            "SeoulHangangL": [
                {
                    "file": "SangSangTitleOTFM-P.keg", 
                    "style": "normal", 
                    "weight": "normal"
                }, 
                {
                    "file": "SangSangTitleOTFB-P.keg", 
                    "style": "normal", 
                    "weight": "bold"
                }
            ]
        }, 
        {
            "SerifaStd": [
                {
                    "file": "SerifaStd-Regular.keg", 
                    "style": "normal", 
                    "weight": "normal"
                }, 
                {
                    "file": "SerifaStd-Bold.keg", 
                    "style": "normal", 
                    "weight": "bold"
                }
            ]
        }, 
        {
            "StagSans": [
                {
                    "file": "StagSans-Light.keg", 
                    "style": "normal", 
                    "weight": "normal"
                }, 
                {
                    "file": "StagSans-Bold.keg", 
                    "style": "normal", 
                    "weight": "bold"
                }
            ]
        }, 
        {
            "StempelGaramondLTStd": [
                {
                    "file": "StempelGaramondLTStd-Regular.keg", 
                    "style": "normal", 
                    "weight": "normal"
                }, 
                {
                    "file": "StempelGaramondLTStd-Bold.keg", 
                    "style": "normal", 
                    "weight": "bold"
                }, 
                {
                    "file": "StempelGaramondLTStd-Italic.keg", 
                    "style": "italic", 
                    "weight": "normal"
                }, 
                {
                    "file": "StempelGaramondLTStd-BoldItalic.keg", 
                    "style": "italic", 
                    "weight": "bold"
                }
            ]
        }, 
        {
            "StoneSansStd": [
                {
                    "file": "StoneSansStd-Medium.keg", 
                    "style": "normal", 
                    "weight": "normal"
                }, 
                {
                    "file": "StoneSansStd-Bold.keg", 
                    "style": "normal", 
                    "weight": "bold"
                }, 
                {
                    "file": "StoneSansStd-MediumItalic.keg", 
                    "style": "italic", 
                    "weight": "normal"
                }, 
                {
                    "file": "StoneSansStd-BoldItalic.keg", 
                    "style": "italic", 
                    "weight": "bold"
                }
            ]
        }, 
        {
            "StoneSansStdSemi": [
                {
                    "file": "StoneSansStd-Semibold.keg", 
                    "style": "normal", 
                    "weight": "normal"
                }, 
                {
                    "file": "StoneSansStd-Semibolditalic.keg", 
                    "style": "italic", 
                    "weight": "bold"
                }
            ]
        }, 
        {
            "SuperstarUnibetPro": [
                {
                    "file": "SuperstarUnibetPro-Regular.keg", 
                    "style": "normal", 
                    "weight": "normal"
                }, 
                {
                    "file": "SuperstarUnibetPro-Bold.keg", 
                    "style": "normal", 
                    "weight": "bold"
                }
            ]
        }, 
        {
            "Swansea": [
                {
                    "file": "Swansea-Regular.keg", 
                    "style": "normal", 
                    "weight": "normal"
                }, 
                {
                    "file": "Swansea-Bold.keg", 
                    "style": "normal", 
                    "weight": "bold"
                }, 
                {
                    "file": "Swansea-Italic.keg", 
                    "style": "italic", 
                    "weight": "normal"
                }, 
                {
                    "file": "Swansea-BoldItalic.keg", 
                    "style": "italic", 
                    "weight": "bold"
                }
            ]
        }, 
        {
            "TimesNewRoman": [
                {
                    "file": "times.keg", 
                    "style": "normal", 
                    "weight": "normal"
                }, 
                {
                    "file": "TimesNewRoman-Bold.keg", 
                    "style": "normal", 
                    "weight": "bold"
                }, 
                {
                    "file": "TimesNewRoman-Italic.keg", 
                    "style": "italic", 
                    "weight": "normal"
                }, 
                {
                    "file": "TimesNewRoman-BoldItalic.keg", 
                    "style": "italic", 
                    "weight": "bold"
                }
            ]
        }, 
        {
            "Tinos": [
                {
                    "file": "Tinos-Regular.keg", 
                    "style": "normal", 
                    "weight": "normal"
                }, 
                {
                    "file": "Tinos-Bold.keg", 
                    "style": "normal", 
                    "weight": "bold"
                }, 
                {
                    "file": "Tinos-Italic.keg", 
                    "style": "italic", 
                    "weight": "normal"
                }, 
                {
                    "file": "Tinos-BoldItalic.keg", 
                    "style": "italic", 
                    "weight": "bold"
                }
            ]
        }, 
        {
            "Titillium": [
                {
                    "file": "Titillium-Regular.keg", 
                    "style": "normal", 
                    "weight": "normal"
                }, 
                {
                    "file": "Titillium-Bold.keg", 
                    "style": "normal", 
                    "weight": "bold"
                }, 
                {
                    "file": "Titillium-RegularItalic.keg", 
                    "style": "italic", 
                    "weight": "normal"
                }, 
                {
                    "file": "Titillium-BoldItalic.keg", 
                    "style": "italic", 
                    "weight": "bold"
                }
            ]
        }, 
        {
            "TodaySansBEF": [
                {
                    "file": "TodaySansBEF-Regular.keg", 
                    "style": "normal", 
                    "weight": "normal"
                }, 
                {
                    "file": "TodaySansBEF-Bold.keg", 
                    "style": "normal", 
                    "weight": "bold"
                }, 
                {
                    "file": "TodaySansBEF-Italic.keg", 
                    "style": "italic", 
                    "weight": "normal"
                }, 
                {
                    "file": "TodaySansBEF-BoldItalic.keg", 
                    "style": "italic", 
                    "weight": "bold"
                }
            ]
        }, 
        {
            "TodaySansHEF": [
                {
                    "file": "TodaySansHEF-XLight.keg", 
                    "style": "normal", 
                    "weight": "normal"
                }, 
                {
                    "file": "TodaySansHEF-Light.keg", 
                    "style": "normal", 
                    "weight": "bold"
                }, 
                {
                    "file": "TodaySansHEF-XLightItalic.keg", 
                    "style": "italic", 
                    "weight": "normal"
                }, 
                {
                    "file": "TodaySansHEF-LightItalic.keg", 
                    "style": "italic", 
                    "weight": "bold"
                }
            ]
        }, 
        {
            "TitilliumWeb": [
                {
                    "file": "TitilliumWeb-Regular.keg", 
                    "style": "normal", 
                    "weight": "normal"
                }, 
                {
                    "file": "TitilliumWeb-Bold.keg", 
                    "style": "normal", 
                    "weight": "bold"
                }, 
                {
                    "file": "TitilliumWeb-LightItalic.keg", 
                    "style": "italic", 
                    "weight": "normal"
                }
            ]
        }, 
        {
            "UniversDeutscheBank": [
                {
                    "file": "UniversDeutscheBank-Regular.keg", 
                    "style": "normal", 
                    "weight": "normal"
                }, 
                {
                    "file": "UniversDeutscheBank-Italic.keg", 
                    "style": "italic", 
                    "weight": "normal"
                }
            ]
        }, 
        {
            "YanoneKaffeesatz": [
                {
                    "file": "YanoneKaffeesatz.keg", 
                    "style": "normal", 
                    "weight": "normal"
                }, 
                {
                    "file": "YanoneKaffeesatz-B.keg", 
                    "style": "normal", 
                    "weight": "bold"
                }, 
                {
                    "file": "YanoneKaffeesatz-I.keg", 
                    "style": "italic", 
                    "weight": "normal"
                }
            ]
        }, 
        {
            "VeraMono": [
                {
                    "file": "VeraMono.keg", 
                    "style": "normal", 
                    "weight": "normal"
                }, 
                {
                    "file": "VeraMono-Bold.keg", 
                    "style": "normal", 
                    "weight": "bold"
                }, 
                {
                    "file": "VeraMono-Italic.keg", 
                    "style": "italic", 
                    "weight": "normal"
                }, 
                {
                    "file": "VeraMono-Bold-Italic.keg", 
                    "style": "italic", 
                    "weight": "bold"
                }
            ]
        }, 
        {
            "Verdana": [
                {
                    "file": "verdana.keg", 
                    "style": "normal", 
                    "weight": "normal"
                }, 
                {
                    "file": "VerdanaBold.keg", 
                    "style": "normal", 
                    "weight": "bold"
                }, 
                {
                    "file": "VerdanaItalic.keg", 
                    "style": "italic", 
                    "weight": "normal"
                }, 
                {
                    "file": "Verdana-BoldItalic.keg", 
                    "style": "italic", 
                    "weight": "bold"
                }
            ]
        }, 
        {
            "Wuerth": [
                {
                    "file": "Wuerth-Regular.keg", 
                    "style": "normal", 
                    "weight": "normal"
                }, 
                {
                    "file": "Wuerth-Bold.keg", 
                    "style": "normal", 
                    "weight": "bold"
                }
            ]
        }, 
        {
            "trebuc": [
                {
                    "file": "trebucItalic.keg", 
                    "style": "italic", 
                    "weight": "normal"
                }
            ]
        }
    ]
}